{"training_loss": 0.04573651775717735, "step": 28783, "_timestamp": 1682118357.9113436, "_runtime": 7921.693221569061, "_step": 28803, "validation_loss": 0.0529053620994091, "_wandb": {"runtime": 7921}}