{"training_loss": 1.2152760028839111, "step": 33767, "_timestamp": 1682116951.7052112, "_runtime": 7399.466052055359, "_step": 33790, "validation_loss": 13.494842529296875}