{"training_loss": 178.66317749023438, "step": 26732, "_timestamp": 1682118326.7267277, "_runtime": 7637.696180820465, "_step": 26750, "validation_loss": 146.09170532226562, "_wandb": {"runtime": 7665}}