{"training_loss": 0.13139000535011292, "step": 49, "_timestamp": 1682133261.9899387, "_runtime": 12379.351974725723, "_step": 70399, "validation_loss": 0.08230528980493546, "_wandb": {"runtime": 12378}}