{"training_loss": 0.02061675488948822, "step": 8298, "_timestamp": 1682111245.8816035, "_runtime": 1877.3223414421082, "_step": 8303, "validation_loss": 0.01799827255308628, "_wandb": {"runtime": 1877}}