{"training_loss": 0.38836976885795593, "step": 7034, "_timestamp": 1682107523.8592339, "_runtime": 2137.4590978622437, "_step": 7038, "validation_loss": 0.4414753019809723}