{"training_loss": 0.0705483928322792, "step": 49, "_timestamp": 1682205688.3651803, "_runtime": 8311.83554315567, "_step": 62549, "validation_loss": 0.06306829303503036, "_wandb": {"runtime": 8311}}