{"training_loss": 0.021548127755522728, "step": 36231, "_timestamp": 1682118351.113593, "_runtime": 7980.186413049698, "_step": 36256, "validation_loss": 0.02633528597652912, "_wandb": {"runtime": 7980}}