{"training_loss": 0.4636489748954773, "step": 933, "_timestamp": 1682104813.1222441, "_runtime": 298.97585701942444, "_step": 933}