{"training_loss": 0.4413881301879883, "step": 32849, "_timestamp": 1682037930.8289, "_runtime": 4442.244487047195, "_step": 32872, "validation_loss": 0.4440329968929291}