{"training_loss": 0.5163853764533997, "step": 10539, "_timestamp": 1682104829.9200046, "_runtime": 2180.7423005104065, "_step": 10546, "validation_loss": 0.4468730688095093}