{"training_loss": 9.034571647644043, "step": 3288, "_timestamp": 1682120717.5765538, "_runtime": 752.1951959133148, "_step": 3290, "validation_loss": 9.286572456359863}