{"training_loss": 0.45588424801826477, "step": 8894, "_timestamp": 1682104821.1316683, "_runtime": 1734.2514343261719, "_step": 8900, "validation_loss": 0.482584685087204}